membership_no,unit_label,block,floor,flat_no,bhk,full_name,joint_owner_name,aadhaar_masked,phone_masked,ownership,occupancy,member_since,dues_cleared,title_disputed,eligible_to_vote,ineligible_reason
PRW-001,A-505,A,5,505,3,Rupa Ghosh,Debashish Ghosh,3713 XXXX XXXX,+91 7544XXXXXX,JOINT,TENANTED,2012,true,false,true,
PRW-002,B-105,B,1,105,3,Ramesh Nair,Deepa Nair,3477 XXXX XXXX,+91 8092XXXXXX,JOINT,OWNER_OCCUPIED,2012,true,false,true,
PRW-003,B-202,B,2,202,2,Madhumita Das,,6628 XXXX XXXX,+91 7337XXXXXX,SOLE,OWNER_OCCUPIED,2012,true,false,true,
PRW-004,A-104,A,1,104,3,Kavita Gupta,,5049 XXXX XXXX,+91 6431XXXXXX,SOLE,OWNER_OCCUPIED,2013,true,false,true,
PRW-005,A-204,A,2,204,3,Pooja Gupta,Anil Gupta,8216 XXXX XXXX,+91 8527XXXXXX,JOINT,OWNER_OCCUPIED,2013,true,false,true,
PRW-006,A-403,A,4,403,2,Naveen Sharma,,3272 XXXX XXXX,+91 7762XXXXXX,SOLE,OWNER_OCCUPIED,2013,true,false,true,
PRW-007,A-302,A,3,302,2,Madhumita Chatterjee,Partha Chatterjee,7591 XXXX XXXX,+91 9820XXXXXX,JOINT,OWNER_OCCUPIED,2014,true,false,true,
PRW-008,A-501,A,5,501,2,Sebastian Pereira,,9109 XXXX XXXX,+91 6737XXXXXX,SOLE,OWNER_OCCUPIED,2014,true,false,true,
PRW-009,A-502,A,5,502,2,Sachin Kulkarni,,2997 XXXX XXXX,+91 7389XXXXXX,SOLE,OWNER_OCCUPIED,2014,true,false,true,
PRW-010,B-303,B,3,303,2,Amarjeet Singh,Simran Singh,6962 XXXX XXXX,+91 6387XXXXXX,JOINT,OWNER_OCCUPIED,2014,true,false,true,
PRW-011,B-302,B,3,302,2,Prashant Kulkarni,,4362 XXXX XXXX,+91 7412XXXXXX,SOLE,OWNER_OCCUPIED,2015,true,false,true,
PRW-012,A-101,A,1,101,2,Karthik Narayanan,,5009 XXXX XXXX,+91 8082XXXXXX,SOLE,OWNER_OCCUPIED,2016,true,false,true,
PRW-013,A-105,A,1,105,3,Zaheer Ansari,,7863 XXXX XXXX,+91 6126XXXXXX,SOLE,OWNER_OCCUPIED,2016,true,false,true,
PRW-014,A-205,A,2,205,3,Hetal Patil,,7874 XXXX XXXX,+91 6484XXXXXX,SOLE,VACANT,2016,true,false,true,
PRW-015,B-204,B,2,204,3,Anil Sharma,,3609 XXXX XXXX,+91 8120XXXXXX,SOLE,OWNER_OCCUPIED,2016,true,false,true,
PRW-016,B-205,B,2,205,3,Venkatesh Nair,,2043 XXXX XXXX,+91 7624XXXXXX,SOLE,OWNER_OCCUPIED,2016,true,false,true,
PRW-017,B-304,B,3,304,3,Hitesh Kulkarni,,9324 XXXX XXXX,+91 7054XXXXXX,SOLE,OWNER_OCCUPIED,2016,true,false,true,
PRW-018,A-303,A,3,303,2,Revathi Pillai,Ramesh Pillai,3403 XXXX XXXX,+91 6232XXXXXX,JOINT,OWNER_OCCUPIED,2017,true,true,false,TITLE_DISPUTED
PRW-019,A-402,A,4,402,2,Manoj Sharma,,6921 XXXX XXXX,+91 9291XXXXXX,SOLE,OWNER_OCCUPIED,2017,true,false,true,
PRW-020,B-201,B,2,201,2,Pankaj Saxena,,9325 XXXX XXXX,+91 9779XXXXXX,SOLE,OWNER_OCCUPIED,2017,true,false,true,
PRW-021,B-402,B,4,402,2,Revathi Rao,,3615 XXXX XXXX,+91 7456XXXXXX,SOLE,OWNER_OCCUPIED,2017,true,false,true,
PRW-022,B-504,B,5,504,3,Deepa Reddy,,8399 XXXX XXXX,+91 8231XXXXXX,SOLE,TENANTED,2017,true,false,true,
PRW-023,A-201,A,2,201,2,Farhan Sheikh,Ayesha Sheikh,2135 XXXX XXXX,+91 6035XXXXXX,JOINT,TENANTED,2018,true,false,true,
PRW-024,A-504,A,5,504,3,Shabana Sheikh,,9413 XXXX XXXX,+91 9790XXXXXX,SOLE,OWNER_OCCUPIED,2018,true,false,true,
PRW-025,B-305,B,3,305,3,Harleen Arora,,3917 XXXX XXXX,+91 7741XXXXXX,SOLE,OWNER_OCCUPIED,2018,false,false,false,DUES_PENDING
PRW-026,A-202,A,2,202,2,Vikas Sharma,,5245 XXXX XXXX,+91 8387XXXXXX,SOLE,OWNER_OCCUPIED,2019,true,false,true,
PRW-027,B-101,B,1,101,2,Rukhsar Ansari,Rizwan Ansari,4765 XXXX XXXX,+91 9879XXXXXX,JOINT,OWNER_OCCUPIED,2019,true,false,true,
PRW-028,B-401,B,4,401,2,Kunal Shah,,3818 XXXX XXXX,+91 7072XXXXXX,SOLE,OWNER_OCCUPIED,2019,false,false,false,DUES_PENDING
PRW-029,B-405,B,4,405,3,Joseph D'Souza,,4442 XXXX XXXX,+91 7391XXXXXX,SOLE,OWNER_OCCUPIED,2019,true,false,true,
PRW-030,B-501,B,5,501,2,Prashant Shah,,3019 XXXX XXXX,+91 8452XXXXXX,SOLE,OWNER_OCCUPIED,2019,true,false,true,
PRW-031,B-505,B,5,505,3,Sebastian Mathew,Rosy Mathew,8189 XXXX XXXX,+91 9729XXXXXX,JOINT,TENANTED,2019,true,false,true,
PRW-032,A-203,A,2,203,2,Anil Chauhan,,4671 XXXX XXXX,+91 9116XXXXXX,SOLE,OWNER_OCCUPIED,2020,true,false,true,
PRW-033,A-301,A,3,301,2,Rajesh Sharma,,8972 XXXX XXXX,+91 8719XXXXXX,SOLE,TENANTED,2020,true,false,true,
PRW-034,A-401,A,4,401,2,Partha Banerjee,Rupa Banerjee,5636 XXXX XXXX,+91 7623XXXXXX,JOINT,OWNER_OCCUPIED,2020,true,false,true,
PRW-035,A-404,A,4,404,3,Manpreet Arora,Harpreet Arora,2854 XXXX XXXX,+91 9097XXXXXX,JOINT,VACANT,2020,true,false,true,
PRW-036,B-102,B,1,102,2,Vimala Nair,,8884 XXXX XXXX,+91 9659XXXXXX,SOLE,OWNER_OCCUPIED,2020,true,false,true,
PRW-037,B-403,B,4,403,2,Sheela Narayanan,,6303 XXXX XXXX,+91 9967XXXXXX,SOLE,TENANTED,2020,false,false,false,DUES_PENDING
PRW-038,B-503,B,5,503,2,Sreenivasan Nair,,5572 XXXX XXXX,+91 7946XXXXXX,SOLE,TENANTED,2020,true,false,true,
PRW-039,A-305,A,3,305,3,Shabana Hussain,,8053 XXXX XXXX,+91 6773XXXXXX,SOLE,OWNER_OCCUPIED,2021,true,false,true,
PRW-040,B-301,B,3,301,2,Rekha Agarwal,,7720 XXXX XXXX,+91 7747XXXXXX,SOLE,OWNER_OCCUPIED,2021,true,false,true,
PRW-041,B-404,B,4,404,3,Debashish Banerjee,,7123 XXXX XXXX,+91 9057XXXXXX,SOLE,OWNER_OCCUPIED,2021,true,false,true,
PRW-042,A-102,A,1,102,2,Sheela Menon,,8440 XXXX XXXX,+91 9587XXXXXX,SOLE,OWNER_OCCUPIED,2022,true,false,true,
PRW-043,A-304,A,3,304,3,Manjit Arora,,5836 XXXX XXXX,+91 9408XXXXXX,SOLE,OWNER_OCCUPIED,2022,true,false,true,
PRW-044,B-203,B,2,203,2,Anjali Gupta,,9917 XXXX XXXX,+91 6307XXXXXX,SOLE,TENANTED,2022,true,false,true,
PRW-045,A-103,A,1,103,2,Amarjeet Bedi,,9512 XXXX XXXX,+91 7246XXXXXX,SOLE,OWNER_OCCUPIED,2023,true,false,true,
PRW-046,A-503,A,5,503,2,Sunita Chauhan,,5829 XXXX XXXX,+91 8693XXXXXX,SOLE,VACANT,2023,true,false,true,
PRW-047,A-405,A,4,405,3,Nitin Deshmukh,,7201 XXXX XXXX,+91 6845XXXXXX,SOLE,OWNER_OCCUPIED,2024,true,false,true,
PRW-048,B-103,B,1,103,2,Francis Fernandes,,6663 XXXX XXXX,+91 6262XXXXXX,SOLE,OWNER_OCCUPIED,2024,true,false,true,
PRW-049,B-104,B,1,104,3,Manjit Bedi,Manpreet Bedi,5727 XXXX XXXX,+91 6592XXXXXX,JOINT,OWNER_OCCUPIED,2024,true,false,true,
PRW-050,B-502,B,5,502,2,Harleen Khanna,,3785 XXXX XXXX,+91 7858XXXXXX,SOLE,TENANTED,2024,true,false,true,
